StoreName,StoreNumber
Aberfoyle Park,4942
Airport West,7808
Albany,364
Albany Creek,4516
Albury,693
Alderley,4431
Aldinga Beach,4934
Alexander Heights,365
Alexandria,496
Alice Springs,418
Altona,530
Altona Meadows,663
Altona North,618
Amaroo,5784
Andergrove,4389
Arana Hills,4492
Armidale,8760
Armstrong Creek,7501
Arundel,4555
Ashfield,791
Aspley Hypermarket,4670
Aspley Robinsons,4556
Asquith,760
Aurora Village,7771
Australind,327
Avondale Heights,523
Ayr,4510
Bacchus Marsh,672
Bairnsdale,548
Balcatta,378
Baldivis,287
Ballarat Peel St,628
Ballarat Vic St,7798
Ballina,4401
Balwyn North,565
Banksia Grove,260
Bankstown,7662
Banora Pt Fraser,4577
Bassendean,395
Bateau Bay,904
Batemans Bay,811
Bathurst,836
Baulkham Hills,951
Beaudesert,4511
Beechboro,363
Beeliar,494
Beenleigh,4449
Bega,739
Belconnen,779
Beldon,336
Belmont,501
Belmont,7796
Belmont Newcastle,823
Belmont WA,4824
Benalla,7831
Bendigo,638
Bendigo McIvor Rd,7838
Benowa Village,4390
Berowra Heights,929
Berri CCL,451
Berwick Central,7695
Birkenhead Point,849
Birtinya,7836
Blacktown,862
Blackwood,447
Bondi Junction,809
Bondi Westfield,853
Bonnells Bay,5771
Booragoon CCL,332
Boronia,601
Botanic Ridge,7733
Bowral,804
BOX HILL CENTRAL,7546
Box Hill Inn,7549
Bracken Ridge,4524
Brandon Park,540
Bray Park Strathpine,4480
Braybrook,7795
Braybrook Nth,7691
Bridgewater,7647
Bridgewater Vge,445
Brighton Bay St,7819
Brighton Village,290
Broadmeadows,569
Broadway,839
Broken Hill CCL,4960
Brookside,4430
Browns Plains CCL,4525
Brunswick,631
Buderim,7835
Budgewoi,5759
Bulleen,514
Bunbury,339
Bundaberg,4810
Bundaberg Hinkle,4497
Bundoora,682
Burleigh Waters,4520
Burnie,7541
Burnside,453
Burpengary,4582
Burwood,861
Burwood East,584
Bushland Beach,5803
Busselton Ctr,4836
Byford,263
Caboolture,4404
CABOOLTURE BIG FISH,4091
Cairnlea,558
Cairns,4443
Cairns Central CCL,4536
Cairns Mt Sherid,4567
Cairns Smithfield,4532
Caloundra,4478
Camberwell,560
Cambridge Gardens,874
Camden,785
Campbellfield,550
Campbelltown,906
Canberra Civic,4787
Cannon Hill,4464
Cannonvale,4598
Capalaba Park,4509
Cardinia Lakes,7623
Carindale,4574
Carlingford,872
Caroline Springs,554
Carousel,322
Carrum Downs,7935
Casey Central,7697
Casino,5694
Castletown,4689
Casuarina,404
Casuarina Way,4460
Casula,908
Caulfield Village,7724
Caversham,262
Cessnock,864
Chadstone Village (Ashwood),7574
Charlestown,995
Chermside,4547
Chinatown,324
Chipping Norton,953
Chirnside Park,622
Chisholm,858
Christie's Beach,4933
Chullora,7708
Churchill Centre,4972
Claremont,299
Clayton,581
Clemton Park,4812
Cleveland,4540
Clifford Gardens,4645
Clifton Beach,4581
Clyde North,7758
Cobblebank,7761
Coburg,592
Coburg North,7919
Coffs Harbour,5679
Colac,7775
Collie,390
Collingwood,7842
Concord,865
Coolalinga,486
Coolum,4420
Cooma,703
Coomera City Ctr,4669
Coomera Town Ctr,4383
Coorparoo,4467
Corinda,4495
Corio Village,511
Corrimal,890
Cowes,7868
Cowra,5749
Craigieburn,7611
Craigieburn North,7669
Craigmore,4921
Cranbourne Park,7918
Cranbourne West,621
Crows Nest,7577
Croydon,630
Croydon North,510
Currambine,7542
Curtin,735
Dalby,4490
Dandenong,684
Dandenong Plaza,660
Dapto,778
Darwin,460
Daylesford,562
Deception Bay,7559
Dee Why,784
Dee Why Grand,944
Deer Park,7612
Deeragun,4569
Deniliquin,675
Dernancourt,408
Derrimut Village,613
Devonport,7621
Diamond Creek,506
Dianella,256
Dickson,4814
Doncaster,7735
Donvale,609
Doonside,827
Drouin,629
Drysdale,7620
Dubbo,788
Dunsborough,297
Earlville,4409
Earlwood,750
East Village CCL,7569
Eastland,7881
Eastlands,7602
Eaton Fair,493
Echuca,620
Eden,5697
Eden Rise,544
Edensor Park,936
Edgecliff Ocean,899
Edgeworth,879
Edmondson Park,7823
Edmonton,4410
Edwardstown CCL,452
Elara,7710
Elizabeth,462
Ellenbrook,485
Elsternwick,7757
Eltham,678
Emerald CCL,4541
Endeavour Hills,651
Engadine,793
Epping,768
Epping Plaza,654
Erina,885
Essendon Fields,582
Fairfield,4512
Fairfield Central,7824
Fairfield Ware S,749
Fairfield West,5770
Fairy Meadow,927
Ferntree Gully,528
Ferny Grove,8712
Figtree,716
Findon,403
Firle,401
Flagstone,4090
Flemington,7994
Fletcher,940
Flinders Square,347
Floreat,302
Florida Beach,7543
Forest Hill,647
Forest Lake,4421
Forest Lakes,306
Forestville,854
Forrestfield,353
Forster,901
Fountain Gate,8786
Frankston,652
Galleria,334
Gateway,490
Gateway Plaza,563
Gatton,4483
Gawler,444
Gawler Green,4978
Geelong Bay City,7781
Geelong West,7917
Geraldton CCL,350
Gisborne,606
Gladstone,4406
Glebe Hill,7547
Glen Innes,5597
Glendale,893
Glenelg,420
Glenfield Park,725
Glenmore Park,5590
Glenorchy,7645
Glenroy,639
Glenvale,4417
Goondiwindi,4384
Goonellabah,4535
Gosnells,384
Goulburn,802
Grafton,4485
Grafton Shopping World,4456
Green Hills,898
Green Point,5689
Green Valley,834
Greenacre,5792
Greenacres,4948
Greenslopes,4507
Greenvale,608
Greenwood,303
Griffith,838
Gungahlin,803
Gunnedah,4522
Gympie CCL,4440
Hallam,7716
Halls Head,257
Hamilton,7600
Hastings,640
Haynes,282
Healesville,680
Helensburgh,5736
Helensvale,4584
Helensvale Plaza,8732
Heritage Springs,603
Hervey Bay,4513
Hervey Bay Central,4529
High Wycombe,285
Highfields,4452
Hillarys,371
Hilton,7545
Hope Island,4418
Hoppers Crossing,691
Hoppers Crossing SC,7718
Hornsby,860
Horsham,615
Huntlee,7702
Hurstville,782
Hurstville Statn,942
Indooroopilly CCL,4660
Ingham,4442
Ingle Farm Walkleys Rd,4949
Ingleburn,4177
Inglewood,383
Innaloo,298
Innisfail CCL,4441
Inverell,4444
Ipswich,4566
Ivanhoe,597
Jamison,748
Jimboomba,4453
Jindalee,8714
Joondalup,335
Kalamunda,394
Kaleen,4785
Kalgoorlie Cassidy St,4837
Kallangur,8715
Kangaroo Flat,7618
Karalee,4565
Karawara,356
Kareela,783
Karingal hub,7690
Karratha CCL,313
Karrinyup,205
Katoomba,921
Kawana Waters,4435
Kedron,4385
Keilor,649
Kellyville,883
Kelmscott,345
Kempsey,5680
Kenmore CCL,4515
Kew,7766
Keysborough,625
Kilmore,552
Kincumber,5730
Kings Langley,796
Kingston,7629
Kippa Ring,4519
Kirrawee,5588
Knox,650
Kotara,833
Kununurra,325
Kurralta Park,406
kurri Kurri,999
Kwinana,488
Labrador,4446
Lachlan Square,7704
Lake Haven,819
Lake Innes,5684
Lake Macquarie Fair,5807
Lakelands,4796
Lane Cove Park,5557
Langwarrin,670
Lara,7776
Launceston (Charles),7656
Lavington,617
Leichhardt,846
Leopold,538
Lighthouse Plaza,5683
Lilydale,662
Lisarow,7554
Lismore,4477
Lithgow,801
Liverpool,723
Logan Central,4496
Loganholme,4407
Lutwyche,4450
Lynbrook,699
Macarthur Square,4813
Mackay,4587
Mackay (Caneland),4558
Mackay Mt Pleasant,4481
Macquarie Park CCL,5791
Maddington,337
Malvern,575
Mandurah,311
Mango Hill,4436
Manjimup,388
Manly Vale,745
Manor Lakes,556
Manuka,859
Mareeba,4482
Margaret River,310
Maribyrnong Highpoint,7664
Marion,458
Market Town,993
Maroochydore,4523
Maroubra Junctio,737
Marrickville,4166
Marsden,4502
Maryborough QLD,4659
Maryborough VIC,7992
Mayfield,5798
Maylands,379
McLaren Vale,4961
Meadow Mews CCL,7646
Medowie,7555
Melton South,7619
Melton West,519
Melville,352
Mermaid Waters,8741
Mernda,7762
Merrifield,7843
Merrylands,5793
Middle Camberwell,7801
Middle Park,4557
Midland Gate,278
Mildura Fifteenth St,7840
Mildura Lime St,594
Mill Park Lakes,7705
Miranda,766
Miranda Wandella,790
Mirrabooka,314
Mitcham,526
Moe,626
Moggill,4652
Mona Vale,884
Moonee Beach,5681
Moonee Ponds,667
Mooroolbark,570
Moranbah,4503
Morayfield,8721
Moree,4473
Morisset,950
Morningside,4578
Mornington,673
Mornington Tyabb Rd,7266
Morwell George S,561
Mosman Park,392
Moss Vale,5691
Mount Barker,4940
Mount Gambier,7707
Mount Gravatt Plaza,4392
Mount Ommaney,4412
Mount Warren Park,4388
Mowbray,7502
Mt Annan,5769
Mt Druitt,726
Mt Gravatt,4570
Mt Isa CCL,4487
Mudgee,5753
Mudgeeraba,4597
Mundaring,330
Munno Para,4924
Murray Bridge Green,4970
Murrumba Downs,4561
Murwillumbah,4505
Muswellbrook,5776
Myrtleford,7894
Nambour,4438
Narellan TC,5800
Narrabri,8769
Narrandera,7579
Narrogin,396
Narromine,5755
Nerang,4501
Nerang Fair,4560
Neutral Bay,829
New Castle Junct,813
Newfarm,4537
Newmarket,4528
Newstead,7659
Newton,446
Newtown,7523
Noarlunga,437
Noosa,4447
Noranda Square,344
North Armadale,381
North Blackburn,7721
North Lakes,4545
North Perth,357
North Richmond,5777
North Rocks,4171
North Shore,4674
North Ward,4649
Northam,492
Northcote Separation St End,7784
Northern Beaches,4419
Northlakes,472
Northland,7739
Northpark,471
Norwest,851
Norwood,7720
Nowra,780
Oakleigh,645
Oasis Palmerston,219
Ocean Grove,665
Ocean Keys,375
Orana CCL,478
Orange,835
Ormeau,8736
Ormeau Village,4437
Pacific Fair,4368
Pacific Pines,4663
Pagewood,909
Pakenham,674
Pakenham Lakeside,520
Palm Beach Fifth Ave,7834
Palmerston,450
Parabanks,4981
Paralowie,4929
Park Ridge,4424
Parkes,5757
Parkhill Junction,7731
Parkholme,419
Parkside Mackay,4425
Parramatta North,887
Parramatta Westfield,7663
Patterson Lakes,531
Pelican Waters,4559
Penrith,903
PENRITH WESTFIELD,7556
Peregian Springs,8758
Petrie Terrace,4461
Picton,711
Pimpama City Sc,4835
Pinelands,4489
Pinewood,504
Pinjarra,293
Point Cook,537
Port Adelaide,499
Port Augusta,456
Port Douglas,4546
Port Lincoln CCL,440
Port Macquarie,5686
Port Pirie,442
Prahran,573
Pyrmont,728
Queanbeyan,820
Racecourse,7562
Ramsgate,762
Randwick,800
Redbank,4504
Redbank Plains,4783
Redcliffe,4422
Redlynch,4381
Reservoir,599
Revesby CCL,7558
Reynella,436
Richmond NSW,792
Richmond South,482
Richmond Traders,7719
Ringwood,637
Ripley Valley,4667
Riverlink Ipswich,4596
Riverton,465
Robina CCL,4427
Rochedale,4386
Rockhampton North,4455
Rockhampton Sth,4518
Rockingham,370
Ropes Crossing,970
Rosebud,696
Roselands,720
Rouse Hill,924
Rowville,697
Roxburgh Park,7703
Runaway Bay,4530
Rutherford,946
Salamander Bay,7565
Salisbury Downs,439
San Remo,882
Sandy Bay,7505
Schofields,7572
Scone,939
Sebastopol,7714
Secret Harbour,4790
Seymour,7780
Shellharbour,5797
Shepparton CCL,695
Shepparton South,7749
Silkstone Villag,4782
Singleton,945
Sippy Downs,4647
Somerville,591
Sorell,7500
South Bunbury,399
South Grafton,5693
South Hedland,385
South Melbourne,512
South Morang,685
South Perth,296
South Tamworth,5796
South West Rocks,5678
Southern River,294
Southern River East,4838
Southlakes,333
Southland,669
Southlands,358
Southport,4500
Southport Park,4653
Spring Hill,7601
Springfield,4533
Springfield Orion,4666
Springvale,681
Springwood,4472
St Agnes,414
St Clair,4971
ST GERMAIN,7748
St Ives,5676
St Leonards (Christie St),7661
St Peters,448
Stanhope Gardens,702
Strathpine Wfield,4411
Subiaco,270
Summerhill,7812
Sunbury,648
Sunnybank,4514
Sunnybank Hills,4671
Surfers Paradise,4554
Swan Hill,574
Swan View,398
Swansea,807
Sylvania,772
Taigum,4432
Tamworth,8761
Tamworth North,8770
Tanilba Bay,989
Tannum Sands,4580
Taree,967
Tarneit,527
Tarneit Central,5802
Tarneit Davis St,5804
Tarneit West,7717
Taylors Hill,7841
Tea Gardens,5692
Tea Tree Plaza,459
Tenterfield,5695
The Entrance,798
The Gap,4506
The Pines,4405
The Pines Vic,524
Thornton,5690
Thuringowa,4655
Tom Price,328
Toormina,5682
Tooronga Village,507
Toowong,4508
Toowoomba,4534
Toowoomba North,4658
Toowoomba South,4491
Top Ryde,5801
Toronto,850
Torquay,7693
Toukley,781
Townsville,4494
Townsville Annandale,4563
Townsville The Willows,4527
Traralgon,694
Trinity,4815
Tuggerah,752
Tuggeranong,911
Tumut,757
Turramurra,717
Tweed City,4459
Tweed Heads,4474
Ulladulla,845
Ulverstone,7606
Umina Beach,5733
University Hill,585
Upper Coomera,4576
Upper Coomera Village,8737
Upper Mt Gravatt,4595
Vasse,268
Vermont South,677
Victor Harbor,7832
Victoria Gardens,686
Victoria Park,340
Victoria Point,8729
Vincentia,7591
Wadalba,992
Wagga Wagga,704
Wallan,7778
Wallsend,824
Wangaratta,688
Wanneroo,289
Wanniassa,4786
Waratah,746
Warnbro,329
Warners Bay,880
Warradale,4982
Warragul,547
Warrawong,822
Warriewood,797
Warringah,897
Warringal Mall,545
Warrnambool Lava St,7730
Warrnambool North,596
Warwick,4662
Warwick Grove CCL,338
Waterford,8757
Waterloo,987
Wattle Grove,842
Waurn Ponds,7810
Waverley Gardens,553
Welland,429
Wellington,5714
Wellington Street,7658
Wendouree,616
Wentworth Point,4180
Werribee,7777
West End,4553
West Gosford,821
West Lakes,455
West Leederville,292
West Ryde,968
West Wynnum,4539
Westmead CCL,965
Wetherill Park,7596
Whiteman Edge,4839
Whitford,489
Whyalla,4966
Williamstown,542
Willowdale,5806
Wilsonton,4433
Windsor,844
Wingham,5778
Winmalee,709
Winston Hills,843
Woden Plaza,848
Wodonga,7698
Wodonga Plaza,636
Wollongong,7587
Wonthaggi,8787
Woodend,7616
Woodlea,7844
Woolloongabba,4571
Worongary,4572
Woy Woy,905
Wynnum,4451
Wyoming,786
Wyong,925
Yamanto,4089
Yamba,4551
Yanchep,7680
Yarrabilba,4784
Yarraville,7774
Yeppoon,8731
